{"SKILL_FISHING": 2537471.871600007, "SKILL_ALCHEMY": 7968679.478000003, "SKILL_RUNECRAFTING": 362.5, "SKILL_MINING": 17351417.552010354, "SKILL_FARMING": 60742636.451855615, "SKILL_ENCHANTING": 91705781.36598527, "SKILL_TAMING": 30627637.40226949, "SKILL_FORAGING": 681211.1440003265, "SKILL_SOCIAL": 7165.69999999986, "SKILL_CARPENTRY": 12756124.342625065, "SKILL_COMBAT": 2576742.8043992887}